model,cost_bps,annual_return,annual_vol,sharpe,max_drawdown,avg_daily_turnover,annualized_turnover
OLS,0,-0.05368718031726338,0.10456493965050027,-0.4754476327173187,-0.23543361951416608,0.7680102915951973,193.53859348198972
OLS,5,-0.1410181323657812,0.10470084899909239,-1.3990760453558913,-0.5101346574056694,0.7680102915951973,193.53859348198972
OLS,10,-0.22032192574716314,0.10487557529145626,-2.3194508905246134,-0.6861980350835035,0.7680102915951973,193.53859348198972
Ridge,0,-0.008979200006396404,0.12238473250611209,-0.012572214405445814,-0.15332118665402783,0.758147512864494,191.05317324185248
Ridge,5,-0.09929091907545151,0.12240709752999328,-0.7929706338651028,-0.42019444654019733,0.758147512864494,191.05317324185248
Ridge,10,-0.18140601620126162,0.12246747217401667,-1.5725957016995882,-0.6152656794872897,0.758147512864494,191.05317324185248
Elastic Net,0,-0.045819745302207004,0.11136453966088758,-0.365435276151796,-0.21325678076257304,0.9072327044025157,228.62264150943395
Elastic Net,5,-0.14892985289185778,0.11133816244867395,-1.3922257081498763,-0.5314091316523366,0.9072327044025157,228.62264150943395
Elastic Net,10,-0.2409413366781925,0.11136134518177379,-2.4184260020774855,-0.7236506193981527,0.9072327044025157,228.62264150943395
XGBoost,0,0.000882340554898775,0.09817157229972608,0.058095207867916776,-0.22327615917743948,0.8427672955974842,212.37735849056602
XGBoost,5,-0.0999898982714228,0.09835883975127008,-1.0216202387087705,-0.4132294709675641,0.8427672955974842,212.37735849056602
XGBoost,10,-0.19073668064641447,0.09860219975849394,-2.0960390447403747,-0.6345877408397808,0.8427672955974842,212.37735849056602
